{"feature_count": 784, "alpha": 20, "layer_dimensions": [784, 128, 64, 10], "activation_func": "leaky_ReLU", "c": 0.1, "cost_hist": {"Train_cost": [0.28660505684223647, 0.23733292317836321, 0.21264667488575215], "Validation_cost": [0.32618941509680666, 0.2896404588112041, 0.26953123661747036]}, "accuracies": {"Train_set": [0.6315, 0.7043333333333334, 0.7351666666666666], "Validation_set": [0.5366666666666666, 0.6066666666666667, 0.6233333333333333]}}