{
    "feature_count": 784,
    "alpha": 12,
    "layer_dimensions": [
        784,
        784,
        16,
        10
    ],
    "activation_func": "leaky_ReLU",
    "c": 0.1,
    "cost_hist": {
        "Train_cost": [
            0.25348436012659553,
            0.22016908453052583,
            0.20586399975268604,
            0.19908668342390767,
            0.19233137291210767,
            0.1876784858845368
        ],
        "Validation_cost": [
            0.25420912313756705,
            0.2206323675423309,
            0.20704584611771565,
            0.20098520417646734,
            0.1943880126557106,
            0.1895910466268337
        ]
    },
    "accuracies": {
        "Train_set": [
            66.95625,
            72.71041666666666,
            75.04583333333333,
            76.24375,
            77.32916666666667,
            77.95416666666667
        ],
        "Validation_set": [
            67.06666666666666,
            72.53333333333333,
            74.96666666666667,
            76.09166666666667,
            76.9,
            77.4
        ]
    }
}