{"feature_count": 784, "alpha": 3, "layer_dimensions": [784, 128, 10], "activation_func": "leaky_ReLU", "c": 0.1, "cost_hist": {"Train_cost": [0.15853475604937503, 0.14286922330801988, 0.1355024025629977, 0.13094585428099606, 0.1277364602678039, 0.12522888162878337, 0.12317857612266701, 0.12144174987628728, 0.1200101825228805, 0.11877524543580988], "Validation_cost": [0.15904860078597524, 0.14373498123630007, 0.13637492656286218, 0.13181986123578637, 0.1286058710716089, 0.12617533529730754, 0.12428121181713644, 0.12269176827831371, 0.12141311658483558, 0.12031935043422078]}, "accuracies": {"Train_set": [82.95416666666667, 84.55833333333334, 85.41666666666666, 86.08541666666667, 86.46666666666667, 86.76666666666667, 87.02916666666667, 87.30833333333334, 87.51875, 87.6375], "Validation_set": [82.875, 84.71666666666667, 85.38333333333334, 85.86666666666667, 86.4, 86.60833333333333, 86.9, 87.05833333333334, 87.19166666666666, 87.33333333333333]}}