{"feature_count": 784, "alpha": 20, "layer_dimensions": [784, 128, 64, 10], "activation_func": "leaky_ReLU", "c": 0.1, "cost_hist": {"Train_cost": [0.3352199194973831, 0.2666152484640499, 0.23425808745531712, 0.21728948656969915, 0.20720679086658386, 0.20010974270483595, 0.19466069831918567, 0.1900655178553276, 0.18624772586794708, 0.18279819545825088, 0.17935642305180818, 0.17614248414707318, 0.1734694128215257, 0.171111783380347, 0.16869809986888654, 0.166692148575176, 0.1650549669178909, 0.16382649608890876, 0.16258932771417892, 0.160911107109722, 0.15962728818953906, 0.15852851988730302, 0.1576925835313198, 0.15654954791839384, 0.15572300932992386, 0.15507953947229897, 0.1541427215472493, 0.15341316044313294, 0.15268119397997904, 0.15188535135108291, 0.15106774990150168, 0.150244751481703, 0.14956957633611495, 0.1490324862831349, 0.14850053499616978, 0.14809997547971918, 0.1477221365642982, 0.14725306197902285, 0.14698751463924029, 0.1466570563702146, 0.1463347057849862, 0.1460513697056335, 0.14568770679315807, 0.14531912477685535, 0.14507946893444948, 0.14472683398761085, 0.14445093901018008, 0.14420304494117678, 0.14395639584253828, 0.1436847589134481, 0.14343467278311609, 0.14327729690273852, 0.14295554970714514, 0.1427660151254537, 0.14255766433439757, 0.14222180475800558, 0.1418815762515679, 0.14158649691146394, 0.1413739863407452, 0.14109465262317106, 0.1408084351457445, 0.14052202315452023, 0.14025924316541236, 0.14008107958074564, 0.1398711200536806, 0.13974847836985443, 0.13960290617733104, 0.1393702806462684, 0.1392337257819049, 0.13911547657109094, 0.13897006616137697, 0.13886359892599345, 0.13871271551547287, 0.138511327012579, 0.13832311797188615, 0.13810234659468973, 0.1379232206852514, 0.1378301638210679, 0.13768858629445774, 0.1375363671855898, 0.1374285200576916, 0.13742678604374156, 0.1373387445375446, 0.1372567360629224, 0.1371724975813164, 0.13710876937004207, 0.13700611503085638, 0.13685622277060952, 0.1367870138341054, 0.13672315163169335, 0.1366396161864127, 0.13656634603163872, 0.1365287323245208, 0.1363917306754439, 0.13630802195787084, 0.1362184782766453, 0.13618309034909631, 0.1359773544529019, 0.13588805884536082, 0.13584153516342665], "Validation_cost": [0.3654144854433081, 0.31034793589810805, 0.2805820389622681, 0.2630831826430438, 0.251817516691677, 0.24366964249442127, 0.2384058531048447, 0.23447755119884497, 0.23139229788934843, 0.2277403367288805, 0.22425782060981245, 0.2220494146259516, 0.22006421672644325, 0.21800509114821728, 0.21570261192737222, 0.21439276444734903, 0.21372150337149712, 0.2127392824379327, 0.2120104839690646, 0.21125204781208753, 0.21024941321506643, 0.20955212189977523, 0.20906964960981214, 0.2083125952007402, 0.20812519189352738, 0.2077901245159556, 0.20699871684044882, 0.2063767668829522, 0.20573075533407678, 0.20486552258908353, 0.20426970917375512, 0.2034456007184863, 0.2027420298517107, 0.2022856199407725, 0.2018536808150496, 0.20148686863108733, 0.2011495739576193, 0.20040303153293548, 0.19997217046059196, 0.19963854363608793, 0.19924685018182314, 0.19880550021499252, 0.1986553515262101, 0.19838767582096453, 0.19817817470212473, 0.1979515176680861, 0.1978111915330427, 0.19760767301824683, 0.19749846498407492, 0.19735068487699836, 0.19722655027681812, 0.19734099764225713, 0.19725053853400595, 0.19730556548424377, 0.19714223306061382, 0.1969621760490528, 0.19705082377102484, 0.19723895292587976, 0.19767458485864994, 0.1978940954984038, 0.19813723401899805, 0.19843611733388486, 0.19850363164680104, 0.1985804505161549, 0.1985198180421509, 0.19837482701116618, 0.19827753753505345, 0.19804535350736238, 0.19800294150584166, 0.19785737276474108, 0.19767582722821478, 0.19743642555855279, 0.19697206373535672, 0.19661431954163158, 0.1963657975743332, 0.1957469801073488, 0.1955441266952373, 0.19531281584019738, 0.19501932784917475, 0.19489085983624274, 0.1949821786717098, 0.19497901395407138, 0.19475383941427016, 0.19465919871755072, 0.19457585697860713, 0.19456984740095323, 0.1944459326332506, 0.19422783999865165, 0.1941570546931886, 0.19407140262834427, 0.19385857989872732, 0.19367909451445084, 0.1934678166493947, 0.19310546711263502, 0.19291486175908185, 0.19266870317778043, 0.19234155507116832, 0.19200175142012696, 0.1918648013990983, 0.191876602566988]}, "accuracies": {"Train_set": [54.86666666666666, 65.14999999999999, 69.96666666666667, 72.58333333333333, 74.1, 75.44999999999999, 76.26666666666667, 77.14999999999999, 77.75, 78.41666666666667, 78.95, 79.33333333333333, 79.61666666666667, 79.86666666666666, 80.23333333333333, 80.55, 80.95, 81.06666666666666, 81.28333333333333, 81.43333333333334, 81.66666666666667, 81.83333333333334, 81.98333333333333, 82.06666666666666, 82.06666666666666, 82.18333333333334, 82.26666666666667, 82.16666666666667, 82.11666666666667, 82.33333333333334, 82.39999999999999, 82.69999999999999, 82.85, 83.01666666666667, 83.08333333333333, 83.21666666666667, 83.2, 83.36666666666666, 83.28333333333333, 83.38333333333333, 83.38333333333333, 83.36666666666666, 83.43333333333334, 83.56666666666666, 83.55, 83.65, 83.71666666666667, 83.83333333333334, 83.83333333333334, 83.91666666666666, 83.95, 83.88333333333333, 84.06666666666666, 84.05, 84.18333333333334, 84.16666666666667, 84.16666666666667, 84.23333333333333, 84.31666666666666, 84.33333333333334, 84.41666666666666, 84.41666666666666, 84.58333333333333, 84.61666666666666, 84.66666666666667, 84.65, 84.63333333333334, 84.68333333333334, 84.78333333333333, 84.78333333333333, 84.8, 84.76666666666667, 84.68333333333334, 84.73333333333333, 84.86666666666667, 84.8, 84.8, 84.81666666666666, 84.91666666666666, 84.91666666666666, 84.88333333333333, 84.91666666666666, 84.93333333333334, 84.98333333333333, 85.0, 85.0, 84.93333333333334, 85.01666666666667, 84.98333333333333, 84.98333333333333, 85.03333333333333, 85.01666666666667, 85.05, 85.0, 85.0, 85.05, 85.06666666666666, 85.08333333333333, 85.15, 85.11666666666666], "Validation_set": [45.666666666666664, 56.333333333333336, 59.0, 65.0, 66.0, 67.66666666666666, 68.33333333333333, 69.0, 69.33333333333334, 70.66666666666667, 71.66666666666667, 71.33333333333334, 72.0, 73.0, 73.0, 72.66666666666667, 72.66666666666667, 72.33333333333334, 73.33333333333333, 74.33333333333333, 74.33333333333333, 74.33333333333333, 74.66666666666667, 75.0, 74.66666666666667, 74.33333333333333, 74.33333333333333, 74.66666666666667, 74.66666666666667, 75.33333333333333, 75.33333333333333, 75.66666666666667, 76.33333333333333, 76.33333333333333, 76.33333333333333, 76.33333333333333, 77.0, 77.0, 77.33333333333333, 77.66666666666666, 78.0, 77.33333333333333, 77.66666666666666, 77.33333333333333, 77.33333333333333, 77.66666666666666, 77.66666666666666, 77.66666666666666, 78.0, 77.66666666666666, 77.66666666666666, 77.66666666666666, 78.0, 78.0, 78.0, 78.0, 77.66666666666666, 77.66666666666666, 77.33333333333333, 76.66666666666667, 76.66666666666667, 76.66666666666667, 76.66666666666667, 77.33333333333333, 77.33333333333333, 77.33333333333333, 77.66666666666666, 77.66666666666666, 78.0, 77.66666666666666, 77.66666666666666, 78.0, 78.0, 77.66666666666666, 77.66666666666666, 77.66666666666666, 78.0, 78.33333333333333, 78.33333333333333, 78.33333333333333, 78.33333333333333, 77.66666666666666, 78.0, 78.33333333333333, 78.0, 78.33333333333333, 78.33333333333333, 78.33333333333333, 78.33333333333333, 78.33333333333333, 78.33333333333333, 78.33333333333333, 78.0, 78.0, 78.0, 78.0, 77.66666666666666, 78.0, 77.66666666666666, 77.66666666666666]}}