{"feature_count": 3, "alpha": 0.001, "layer_dimensions": [3, 7], "activation_func": "leaky_ReLU", "c": 0.1, "cost_hist": {"Train_cost": [0.32939311417604705, 0.3018196844185188, 0.2794235846300132, 0.2607544293365788], "Validation_cost": [0.32841022143106374, 0.30065484594308794, 0.2782003669003995, 0.2595258045406713]}, "accuracies": {"Train_set": [0.8396666666666667, 0.8401666666666666, 0.8408333333333333, 0.8425], "Validation_set": [0.84, 0.841, 0.842, 0.8425]}}