{"feature_count": 3, "alpha": 0.001, "layer_dimensions": [3, 7], "activation_func": "leaky_ReLU", "c": 0.1, "cost_hist": {"Train_cost": [0.39064112448272814, 0.3515256170607047, 0.3199616633682264, 0.29409128762750736, 0.27269916456209903, 0.2548451902263544, 0.23979922300985984, 0.22699558395940522, 0.21599620648754056, 0.20646101125968944, 0.19812469847300848, 0.19077894493560876, 0.18425892193387752, 0.17843314786563064, 0.17319586089909103, 0.16846127447148554, 0.1641592327263558, 0.16023190625444134, 0.15663126266109412, 0.1533171166409123, 0.1502556158194246, 0.14741805630030488, 0.1447799493280787, 0.14232028052605933, 0.14002091784581838, 0.1378661351538593, 0.13584222635363227, 0.13393719086568762, 0.13214047571820803, 0.13044276283237843, 0.12883579260966366, 0.1273122168498299, 0.12586547550166366, 0.12448969288458442, 0.12317958990094445, 0.12193040944687593, 0.1207378527696501, 0.11959802494578634, 0.11850738799241638, 0.11746272039423022, 0.11646108204460967, 0.11549978377381388, 0.11457636077807502, 0.11368854937813094, 0.1128342666292944, 0.11201159238195656, 0.11121875345459475, 0.11045410963360526, 0.10971614125761035, 0.10900343818000496, 0.10831468993363, 0.10764867694680622, 0.10700426268118733, 0.10638038657988987, 0.10577605772955097, 0.10519034915286123, 0.10462239265914774, 0.1040713741899491, 0.10353652960456299, 0.10301714085747123, 0.10251253252547958, 0.10202206864752414, 0.10154514984455743, 0.1010812106907523, 0.10062971731060992, 0.10019016517946992, 0.09976207710745509, 0.09934500138910776, 0.09893851010291721, 0.0985421975466449, 0.09815567879586651, 0.09777858837445018, 0.0974105790268932, 0.09705132058343743, 0.09670049890983196, 0.09635781493438962, 0.09602298374574732, 0.09569573375533495, 0.09537580591917556, 0.09506295301412575, 0.09475693896411735, 0.09445753821240184, 0.0941645351361254, 0.09387772349992664, 0.09359690594553029, 0.09332189351457022, 0.09305250520213343, 0.09278856753872185, 0.09252991419852033, 0.09227638563205999, 0.0920278287214876, 0.09178409645684264, 0.09154504763184168, 0.09131054655780252, 0.09108046279445238, 0.09085467089645567, 0.09063305017460152, 0.09041548447065592, 0.09020186194497319, 0.08999207487602345], "Validation_cost": [0.3894816062290168, 0.3503581540680541, 0.3186436059407227, 0.2926254577888297, 0.27111083701781497, 0.2531615835711038, 0.23804454539184627, 0.22519003187577635, 0.21415615560038445, 0.20459954615372566, 0.19625218751166967, 0.188903560405734, 0.18238707857727662, 0.17656986042460118, 0.17134503072275176, 0.1666259173251691, 0.1623416592128524, 0.15843386460038925, 0.15485405183613796, 0.15156167616367835, 0.1485225972519912, 0.14570788034198323, 0.14309285155772908, 0.14065634816949163, 0.1383801194228669, 0.13624834445570605, 0.1342472418883679, 0.13236475166796483, 0.1305902742308253, 0.12891445542127852, 0.1273290081594707, 0.1258265637973837, 0.12440054759445228, 0.1230450738952196, 0.12175485748456877, 0.1205251382931979, 0.11935161717311182, 0.1182304008947865, 0.11715795486029693, 0.11613106230001255, 0.11514678893953535, 0.11420245230001679, 0.11329559493777831, 0.11242396104524392, 0.11158547592996435, 0.11077822796620082, 0.11000045267751095, 0.10925051866163533, 0.10852691511283329, 0.10782824073333883, 0.10715319385609177, 0.10650056362650946, 0.10586922211254844, 0.10525811723048384, 0.10466626638918763, 0.1040927507687476, 0.1035367101603679, 0.1029973383039818, 0.10247387866812938, 0.10196562062362455, 0.10147189596853268, 0.10099207576715313, 0.10052556747018827, 0.10007181228714496, 0.09963028278539261, 0.09920048069324154, 0.09878193488694845, 0.09837419954381475, 0.09797685244548493, 0.09758949341728917, 0.09721174289097703, 0.0968432405795227, 0.09648364425387096, 0.0961326286125155, 0.09578988423573723, 0.09545511661713968, 0.09512804526585134, 0.09480840287340231, 0.09449593453986478, 0.09419039705436519, 0.09389155822552424, 0.09359919625779954, 0.0933130991700805, 0.09303306425319836, 0.09275889756333396, 0.09249041344855391, 0.09222743410596435, 0.09196978916717306, 0.09171731530996206, 0.09146985589423953, 0.09122726062051013, 0.09098938520923866, 0.09075609109962628, 0.09052724516642872, 0.09030271945356248, 0.09008239092333652, 0.08986614122025198, 0.08965385644837577, 0.0894454269613902, 0.08924074716447201]}, "accuracies": {"Train_set": [0.8521666666666666, 0.8511666666666666, 0.8506666666666667, 0.8506666666666667, 0.8508333333333333, 0.851, 0.8515, 0.8518333333333333, 0.852, 0.8525, 0.8528333333333333, 0.853, 0.8535, 0.8538333333333333, 0.8548333333333333, 0.8551666666666666, 0.8556666666666667, 0.8565, 0.8578333333333333, 0.859, 0.8608333333333333, 0.8641666666666666, 0.8665, 0.8681666666666666, 0.8698333333333333, 0.873, 0.875, 0.878, 0.881, 0.8836666666666667, 0.8868333333333334, 0.8901666666666667, 0.8936666666666667, 0.8966666666666666, 0.8983333333333333, 0.9013333333333333, 0.903, 0.9045, 0.9075, 0.9093333333333333, 0.9111666666666667, 0.9126666666666666, 0.9138333333333334, 0.9163333333333333, 0.9178333333333333, 0.9191666666666667, 0.921, 0.9223333333333333, 0.9241666666666667, 0.9256666666666666, 0.9286666666666666, 0.9298333333333333, 0.9308333333333333, 0.932, 0.9331666666666667, 0.9346666666666666, 0.9358333333333333, 0.9373333333333334, 0.9385, 0.94, 0.941, 0.9415, 0.9428333333333333, 0.9435, 0.945, 0.9456666666666667, 0.9468333333333333, 0.948, 0.9488333333333333, 0.9496666666666667, 0.9503333333333334, 0.9511666666666667, 0.9515, 0.9521666666666667, 0.9525, 0.9531666666666667, 0.9533333333333334, 0.9535, 0.954, 0.9545, 0.9546666666666667, 0.9551666666666667, 0.956, 0.9568333333333333, 0.9571666666666667, 0.9573333333333334, 0.9575, 0.9576666666666667, 0.9581666666666667, 0.9585, 0.959, 0.9596666666666667, 0.9598333333333333, 0.9603333333333334, 0.9608333333333333, 0.961, 0.9615, 0.9618333333333333, 0.962, 0.9625], "Validation_set": [0.856, 0.855, 0.8545, 0.8545, 0.855, 0.855, 0.8555, 0.8555, 0.857, 0.8575, 0.8575, 0.858, 0.858, 0.858, 0.8585, 0.8585, 0.859, 0.8595, 0.861, 0.862, 0.864, 0.8655, 0.866, 0.867, 0.869, 0.8695, 0.874, 0.8775, 0.8805, 0.8825, 0.885, 0.8865, 0.889, 0.892, 0.895, 0.8965, 0.8965, 0.9, 0.9035, 0.907, 0.909, 0.9125, 0.9145, 0.917, 0.9185, 0.9205, 0.921, 0.923, 0.926, 0.9265, 0.9285, 0.93, 0.9315, 0.932, 0.933, 0.9345, 0.9365, 0.9375, 0.9405, 0.9405, 0.9415, 0.9415, 0.943, 0.9435, 0.9455, 0.9465, 0.948, 0.949, 0.9495, 0.95, 0.951, 0.9515, 0.952, 0.954, 0.954, 0.9555, 0.9575, 0.9575, 0.958, 0.959, 0.9605, 0.9615, 0.9625, 0.9625, 0.964, 0.9645, 0.965, 0.966, 0.9665, 0.967, 0.968, 0.968, 0.968, 0.968, 0.9685, 0.9685, 0.9695, 0.97, 0.97, 0.9705]}}