{"feature_count": 3, "alpha": 0.001, "layer_dimensions": [3, 7], "activation_func": "leaky_ReLU", "c": 0.1, "cost_hist": {"Train_cost": [0.3308035870625281, 0.3030172601049764, 0.2807387078050745, 0.262293358103607], "Validation_cost": [0.3269953736299584, 0.29948955473754885, 0.27761348566143773, 0.2595266255284204]}, "accuracies": {"Train_set": [0.8548333333333333, 0.8553333333333333, 0.8548333333333333, 0.8545], "Validation_set": [0.8575, 0.857, 0.856, 0.856]}}