{"feature_count": 784, "alpha": 12, "layer_dimensions": [784, 240, 120, 10], "activation_func": "leaky_ReLU", "c": 0.4, "cost_hist": {"Train_cost": [0.13739325531517868, 0.12841154655070483, 0.12403819939354364, 0.1212952964083755, 0.11940240712419666, 0.11802708406369115, 0.11698917007645757, 0.11618716375451692, 0.11550937359248128, 0.11501187504721948], "Validation_cost": [0.10193737538425623, 0.0941753259856389, 0.0906864566845004, 0.08859248721406592, 0.08716855288286576, 0.08631520697912881, 0.0858856053221544, 0.08566337786293893, 0.08557587745488165, 0.08570093024377022]}, "accuracies": {"Train_set": [84.95833333333334, 86.15208333333332, 86.73958333333334, 87.06666666666666, 87.25, 87.425, 87.57708333333333, 87.69166666666666, 87.7625, 87.80833333333334], "Validation_set": [89.84, 90.66, 91.16, 91.28, 91.4, 91.4, 91.5, 91.60000000000001, 91.7, 91.47999999999999]}}