{
    "feature_count": 784,
    "alpha": 12,
    "layer_dimensions": [
        784,
        784,
        784,
        10
    ],
    "activation_func": "leaky_ReLU",
    "c": 0.1,
    "cost_hist": {
        "Train_cost": [
            0.06932568411802588,
            0.05850742002983199,
            0.053550284329911255
        ],
        "Validation_cost": [
            0.07564211920844753,
            0.06721294253198093,
            0.06400364978788622
        ]
    },
    "accuracies": {
        "Train_set": [
            93.04791666666667,
            94.28541666666666,
            94.9125
        ],
        "Validation_set": [
            92.10000000000001,
            92.91666666666667,
            93.30000000000001
        ]
    }
}