{
    "feature_count": 784,
    "alpha": 12,
    "layer_dimensions": [
        784,
        784,
        784,
        784,
        10
    ],
    "activation_func": "leaky_ReLU",
    "c": 0.1,
    "cost_hist": {
        "Train_cost": [
            0.07583043862726399,
            0.063888483435414,
            0.057281135201992156,
            0.05297536570299937
        ],
        "Validation_cost": [
            0.08357899553946173,
            0.07500497404082822,
            0.07060093996901973,
            0.06773997306346163
        ]
    },
    "accuracies": {
        "Train_set": [
            92.45208333333333,
            93.86250000000001,
            94.52291666666667,
            94.95833333333333
        ],
        "Validation_set": [
            91.45833333333333,
            92.35,
            92.72500000000001,
            93.16666666666666
        ]
    }
}