{
    "feature_count": 784,
    "alpha": 18,
    "layer_dimensions": [
        784,
        392,
        256,
        32,
        10
    ],
    "activation_func": "leaky_ReLU",
    "c": 0.3,
    "cost_hist": {
        "Train_cost": [
            0.23590512201703462,
            0.25379508398677825,
            0.23248341725519833
        ],
        "Validation_cost": [
            0.23471712332309808,
            0.25196003845893133,
            0.22985340650126287
        ]
    },
    "accuracies": {
        "Train_set": [
            71.13958333333333,
            69.74375,
            73.26458333333333
        ],
        "Validation_set": [
            71.15833333333333,
            69.54166666666667,
            73.95833333333334
        ]
    }
}