{"feature_count": 784, "alpha": 12, "layer_dimensions": [784, 20, 10], "activation_func": "leaky_ReLU", "c": 0.1, "cost_hist": {"Train_cost": [0.2980792312228038, 0.28644774998481154, 0.28055747787234203, 0.2757907435605311, 0.2724934218338616], "Validation_cost": [0.2909952203933302, 0.27910550591975486, 0.2728314477048829, 0.2679415908639327, 0.26471542980562596]}, "accuracies": {"Train_set": [60.21041666666667, 61.6375, 62.63333333333333, 63.59791666666666, 64.30416666666666], "Validation_set": [61.93333333333333, 63.19166666666667, 64.5, 65.21666666666667, 66.01666666666667]}}